RID,Gender,MEG_Age,MMSE,CDR,CDR_Box,Grp,idx,KeepIt
R1146,female,59.1,20.0,1.0,5.5,AD,0,1
R1213,male,64.3,22.0,1.0,4.5,AD,1,1
R1224,female,53.9,23.0,1.0,6.0,AD,2,1
R1429,female,62.3,19.0,0.5,4.0,AD,3,1
R1456,male,53.1,24.0,0.5,4.0,AD,4,1
R1589,female,57.2,28.0,0.5,1.5,AD,5,1
R1674,female,57.3,17.0,1.0,5.0,AD,6,1
R1730,female,57.5,20.0,0.5,4.0,AD,7,1
R1778,female,57.3,15.0,1.0,8.0,AD,8,1
R1780,male,68.2,23.0,1.0,7.0,AD,9,1
R2131,male,59.9,16.0,1.0,7.0,AD,10,1
R2138,female,52.0,26.0,0.5,3.5,AD,11,1
R2146,male,55.1,24.0,0.5,4.0,AD,12,1
R2202,female,60.7,24.0,0.5,3.0,AD,13,1
R2220,female,67.1,28.0,0.5,3.5,AD,14,1
R2235,male,72.1,29.0,0.5,2.5,AD,15,1
R2294,male,54.7,25.0,1.0,5.0,AD,16,1
R2378,male,59.9,13.0,2.0,11.0,AD,17,1
R2443,female,75.3,10.0,2.0,10.0,AD,18,1
R2517,female,49.4,19.0,1.0,5.5,AD,19,1
R1655,male,63.1,26.0,0.5,3.5,AD,20,1
R1662,female,61.6,22.0,2.0,9.5,AD,21,1
R1667,female,59.6,17.0,2.0,8.0,AD,22,1
R1681,male,55.0,28.0,0.5,3.5,AD,23,1
R1698,female,64.4,17.0,1.0,7.0,AD,24,1
R1709,male,71.4,25.0,1.0,5.0,AD,25,1
R1713,female,57.0,23.0,1.0,6.0,AD,26,1
R1745,male,57.7,11.0,1.0,7.0,AD,27,1
R1748,female,63.3,15.0,1.0,5.0,AD,28,1
R1756,male,49.4,21.0,1.0,5.0,AD,29,1
R1813,male,84.3,16.0,1.0,4.5,AD,30,1
R1819,female,79.6,20.0,2.0,9.0,AD,31,1
R1869,male,57.3,13.0,2.0,12.0,AD,32,1
R1884,female,64.4,29.0,0.5,3.5,AD,33,1
R1916,female,58.9,21.0,0.5,4.0,AD,34,1
R2119,female,53.5,24.0,1.0,4.5,AD,35,1
R2180,female,50.2,21.0,1.0,4.5,AD,36,1
R2183,female,54.7,21.0,0.5,3.5,AD,37,1
R2191,female,56.9,17.0,1.0,5.0,AD,38,1
R2307,male,54.8,18.0,0.5,4.0,AD,39,1
R2322,male,68.1,18.0,1.0,6.0,AD,40,1
R2362,male,58.6,26.0,0.0,0.5,AD,41,1
R2382,female,60.6,23.0,1.0,4.5,AD,42,1
R2387,female,49.0,22.0,1.0,4.5,AD,43,1
R2388,female,57.1,19.0,1.0,5.0,AD,44,1
R2392,female,61.2,17.0,1.0,4.5,AD,45,1
R2471,male,76.1,29.0,0.5,1.0,AD,46,1
R2504,female,63.7,29.0,0.5,3.5,AD,47,1
R2521,female,55.6,26.0,2.0,9.0,AD,48,1
R2581,male,65.9,29.0,0.5,0.5,AD,49,1
R2030,female,76.7,22.0,0.5,1.5,AD,50,1
R2082,female,71.7,23.0,0.5,4.0,AD,51,1
R2091,female,63.0,29.0,0.5,2.5,AD,52,1
R2221,male,53.5,26.0,0.5,3.5,AD,53,1
R2234,male,74.8,22.0,0.5,3.0,AD,54,1
R2291,female,59.3,23.0,0.5,4.0,AD,55,1
R2317,female,54.6,26.0,0.5,3.0,AD,56,1
R2726,male,55.7,17.0,1.0,4.0,AD,57,1
R2730,female,81.6,27.0,0.5,2.0,AD,58,1
R2765,male,74.7,28.0,0.5,1.0,AD,59,1
R2766,male,53.5,24.0,0.5,3.5,AD,60,1
R2771,male,77.5,22.0,0.5,4.0,AD,61,1
R2774,male,73.8,23.0,2.0,11.0,AD,62,1
R2800,female,76.0,27.0,0.5,2.0,AD,63,1
R2871,female,57.1,19.0,0.5,3.5,AD,64,1
R1231,female,70.1,27.0,1.0,8.0,AD,65,1
R1304,female,75.6,28.0,1.0,8.0,AD,66,1
R1798,female,64.5,28.0,0.5,4.0,AD,67,1
R1821,female,52.2,11.0,1.0,8.0,AD,68,1
R1899,male,72.2,10.0,1.0,9.0,AD,69,1
R1981,female,54.7,11.0,0.5,4.0,AD,70,1
R1997,male,54.0,25.0,0.5,3.5,AD,71,1
R2018,male,49.4,22.0,1.0,7.0,AD,72,1
R2048,female,65.4,17.0,2.0,11.0,AD,73,1
R2080,female,70.0,24.0,1.0,6.5,AD,74,1
R2108,female,56.8,28.0,0.5,3.0,AD,75,1
R2155,male,63.0,,2.0,10.0,AD,76,1
R2205,female,63.1,28.0,0.5,3.0,AD,77,1
R2342,female,54.7,22.0,1.0,4.5,AD,78,1
R2473,male,60.4,27.0,1.0,5.0,AD,79,1
R2478,female,70.2,26.0,0.5,3.5,AD,80,1
R2849,female,66.8,27.0,0.5,1.5,AD,81,1
R2863,female,60.7,20.0,0.5,2.5,AD,82,1
R2910,female,68.0,28.0,0.5,3.5,AD,83,1
R2936,male,65.0,29.0,0.5,0.5,AD,84,1
R2949,male,82.4,29.0,0.5,1.5,AD,85,1
R2993,female,75.5,30.0,0.5,1.0,AD,86,1
R2110,male,72.7,3.0,2.0,13.0,AD,87,1
R2058,female,63.28452169152867,30.0,0.0,0.0,Ctrl,88,1
R2083,female,59.72355275762967,29.0,0.0,0.0,Ctrl,89,1
R2098,male,67.52429177501025,29.0,0.0,0.0,Ctrl,90,1
R2111,female,56.099630491309696,28.0,0.5,0.5,Ctrl,91,1
R2298,male,80.42698781989873,30.0,0.0,0.0,Ctrl,92,1
R2523,female,76.96455453674558,30.0,0.0,0.0,Ctrl,93,1
R2648,female,70.83344737922539,29.0,0.0,0.0,Ctrl,94,1
R2685,female,76.53756671684685,30.0,0.0,0.0,Ctrl,95,1
R2686,female,53.38442589297933,30.0,0.0,0.0,Ctrl,96,1
R2687,female,76.99192555084166,30.0,0.0,0.0,Ctrl,97,1
R2688,female,71.22485288079923,30.0,0.0,0.0,Ctrl,98,1
R2689,female,71.4821404133023,29.0,0.0,0.0,Ctrl,99,1
R2691,male,76.11057889694813,29.0,0.0,0.0,Ctrl,100,1
R2693,male,69.19392363487067,28.0,0.0,0.0,Ctrl,101,1
R2694,female,74.86246065416724,30.0,0.0,0.0,Ctrl,102,1
R2696,female,78.65882030929245,30.0,0.0,0.0,Ctrl,103,1
R2699,male,74.48747776105104,30.0,0.0,0.0,Ctrl,104,1
R2700,female,66.92486656630628,30.0,0.0,0.0,Ctrl,105,1
R2704,male,74.22745312713836,30.0,0.0,0.0,Ctrl,106,1
R2705,female,73.57602299165184,25.0,0.0,0.0,Ctrl,107,1
R2706,female,73.2201998084029,30.0,0.0,0.0,Ctrl,108,1
R2707,female,68.77788422061037,29.0,0.0,0.0,Ctrl,109,1
R2709,male,65.65758861365813,29.0,0.0,0.0,Ctrl,110,1
R2711,female,70.69111810592582,30.0,0.0,0.0,Ctrl,111,1
R2712,male,73.23114821404133,30.0,0.0,0.0,Ctrl,112,1
R2713,male,82.18968112768577,29.0,0.0,0.5,Ctrl,113,0
R2743,female,65.80265498836731,30.0,0.0,0.0,Ctrl,114,1
R2744,male,87.5762967017928,28.0,0.0,0.0,Ctrl,115,0
R2745,female,75.66716846859175,29.0,0.0,0.0,Ctrl,116,1
R2746,female,74.65444094703709,28.0,0.0,0.0,Ctrl,117,1
R2747,male,53.77856849596277,30.0,0.0,0.0,Ctrl,118,1
R2748,male,69.07349117284795,30.0,0.5,0.5,Ctrl,119,1
R2749,male,52.53592445600109,30.0,0.0,0.0,Ctrl,120,1
R2770,female,69.21308334473792,30.0,0.0,0.0,Ctrl,121,1
R2807,female,67.82263582865745,29.0,0.0,0.0,Ctrl,122,1
R1343,male,71.53688244149446,30.0,0.0,0.0,Ctrl,123,1
R1389,male,59.343095661694264,29.0,0.0,0.5,Ctrl,124,1
R1408,female,64.02901327494183,30.0,0.0,0.0,Ctrl,125,1
R1409,male,64.93225674011222,30.0,0.0,0.0,Ctrl,126,1
R1463,female,71.12084302723416,30.0,0.0,0.0,Ctrl,127,1
R1596,female,71.79143287258792,28.0,0.0,0.0,Ctrl,128,1
R1603,male,69.56069522375803,30.0,0.0,0.0,Ctrl,129,1
R1626,male,63.3337895169016,30.0,0.0,0.0,Ctrl,130,1
R1628,female,58.4480635007527,30.0,0.0,0.0,Ctrl,131,1
R1653,male,65.81086629259613,29.0,0.0,0.0,Ctrl,132,1
R1685,female,63.64581907759682,30.0,0.0,0.0,Ctrl,133,1
R1757,female,60.22170521417818,29.0,0.0,0.0,Ctrl,134,1
R1768,female,56.20090324346517,30.0,0.0,0.0,Ctrl,135,1
R1781,female,59.646913918160664,29.0,0.0,0.0,Ctrl,136,1
R1785,male,64.57917065827289,30.0,0.0,0.0,Ctrl,137,1
R1792,male,60.12590666484193,30.0,0.0,0.0,Ctrl,138,1
R1855,female,68.06350075270288,30.0,0.0,0.0,Ctrl,139,1
R2042,male,60.3804570959354,30.0,0.0,0.0,Ctrl,140,1
R2052,female,61.716162583823724,30.0,0.0,0.0,Ctrl,141,1
R2084,female,65.79718078554811,30.0,0.0,0.0,Ctrl,142,1
R2120,female,63.325578212672774,30.0,0.0,0.0,Ctrl,143,1
R2125,female,72.71109894621596,30.0,0.0,0.0,Ctrl,144,1
R2126,female,75.53852470234021,30.0,0.0,0.0,Ctrl,145,1
R2741,male,79.26371972081566,28.0,0.0,0.0,Ctrl,146,1
R2916,male,81.08662925961406,29.0,0.0,0.0,Ctrl,147,1
R2917,male,77.18899685233337,29.0,0.0,0.0,Ctrl,148,1
R2918,male,66.46503352949226,30.0,0.0,0.0,Ctrl,149,1
R2922,female,76.668947584508,30.0,0.0,0.0,Ctrl,150,1
R2924,female,78.16887915697276,28.0,0.0,0.0,Ctrl,151,1
R2927,female,82.17052141781852,27.0,0.0,0.0,Ctrl,152,1
R2928,female,78.19625017106884,30.0,0.0,0.0,Ctrl,153,1
R2929,male,79.5812234843301,29.0,0.0,0.0,Ctrl,154,1
R2931,female,87.12741207061721,29.0,0.0,0.0,Ctrl,155,0
R2940,male,62.269057068564386,30.0,0.0,0.0,Ctrl,156,1
R2948,female,83.42411386341864,30.0,0.0,0.0,Ctrl,157,0
UCSF003,female,44.0,NA,NA,NA,Ctrl,158,1
UCSF005,female,63.0,NA,NA,NA,Ctrl,159,1
UCSF010,male,57.0,NA,NA,NA,Ctrl,160,1
UCSF011,female,58.0,NA,NA,NA,Ctrl,161,1
UCSF012,female,42.0,NA,NA,NA,Ctrl,162,1
UCSF041,male,61.0,NA,NA,NA,Ctrl,163,1
UCSF067,male,47.0,NA,NA,NA,Ctrl,164,1
UCSF078,male,59.0,NA,NA,NA,Ctrl,165,1
UCSF081,female,60.0,NA,NA,NA,Ctrl,166,1
UCSF117,male,63.0,NA,NA,NA,Ctrl,167,1
UCSF130,female,54.0,NA,NA,NA,Ctrl,168,1
UCSF139,male,53.0,NA,NA,NA,Ctrl,169,1
UCSF145,male,53.0,NA,NA,NA,Ctrl,170,1
UCSF161,female,47.0,NA,NA,NA,Ctrl,171,1
UCSF174,male,47.0,NA,NA,NA,Ctrl,172,1
UCSF251,female,42.0,NA,NA,NA,Ctrl,173,1
UCSF279,female,43.0,NA,NA,NA,Ctrl,174,1
UCSF294,female,63.0,NA,NA,NA,Ctrl,175,1
UCSF302,female,62.0,NA,NA,NA,Ctrl,176,1
UCSF310,male,47.0,NA,NA,NA,Ctrl,177,1
UCSF403,male,62.0,NA,NA,NA,Ctrl,178,1
UCSF411,male,54.0,NA,NA,NA,Ctrl,179,1
